{
  "project_info": {
    "project_number": "962271862606",
    "project_id": "opsc2-2596c",
    "storage_bucket": "opsc2-2596c.appspot.com"
  },
  "client": [
    {
      "client_info": {
        "mobilesdk_app_id": "1:962271862606:android:aaf3356e5a49d2e7e6481f",
        "android_client_info": {
          "package_name": "com.example.kotlintodopractice"
        }
      },
      "oauth_client": [],
      "api_key": [
        {
          "current_key": "AIzaSyB-A_PKczoBPGWpqYMJxPO9AR64Vg3vo4A"
        }
      ],
      "services": {
        "appinvite_service": {
          "other_platform_oauth_client": []
        }
      }
    }
  ],
  "configuration_version": "1"
}